<?xml version="1.0" encoding="UTF-8"?>
<project-private xmlns="http://www.netbeans.org/ns/project-private/1">
    <editor-bookmarks xmlns="http://www.netbeans.org/ns/editor-bookmarks/2" lastBookmarkId="0"/>
    <open-files xmlns="http://www.netbeans.org/ns/projectui-open-files/2">
        <group>
            <file>file:/C:/Users/Administrator/Documents/NetBeansProjects/LOGINFORM/src/loginform/NewJFrame2.java</file>
            <file>file:/C:/Users/Administrator/Documents/NetBeansProjects/LOGINFORM/src/VaccineInfo.java</file>
            <file>file:/C:/Users/Administrator/Documents/NetBeansProjects/LOGINFORM/src/Customer.java</file>
            <file>file:/C:/Users/Administrator/Documents/NetBeansProjects/LOGINFORM/src/loginform/NewJFrame.java</file>
            <file>file:/C:/Users/Administrator/Documents/NetBeansProjects/LOGINFORM/src/DOCTOR1.java</file>
            <file>file:/C:/Users/Administrator/Documents/NetBeansProjects/LOGINFORM/src/loginform/LOGINFORM.java</file>
            <file>file:/C:/Users/Administrator/Documents/NetBeansProjects/LOGINFORM/src/Doctor.java</file>
            <file>file:/C:/Users/Administrator/Documents/NetBeansProjects/LOGINFORM/src/loginform/NewJFrame1.java</file>
        </group>
    </open-files>
</project-private>
